episode,success_mean,goal_rate_mean,avg_return_mean
1,0.0,0.0,0.2741003573337643
50,0.13333333333333333,0.010222222222222221,0.22292598480254122
100,0.13333333333333333,0.010222222222222221,0.2826937352027223
150,0.13333333333333333,0.010222222222222221,0.28672780624426003
200,0.1,0.007333333333333332,0.2893567196338621
250,0.06666666666666667,0.033888888888888885,0.303364935762301
300,0.13333333333333333,0.030999999999999996,0.33847599451829696
350,0.06666666666666667,0.005666666666666666,0.3028951815373756
400,0.13333333333333333,0.034888888888888886,0.33957700368902954
