episode,success_mean,goal_rate_mean,avg_return_mean
1,0.0,0.0,0.2741003573337643
50,0.0,0.0,0.29354428883559575
100,0.3,0.05144444444444444,0.4022276852833261
150,0.16666666666666666,0.14955555555555555,0.46218432504654433
200,0.5666666666666667,0.30088888888888893,0.7088322056436124
250,0.5,0.32944444444444443,0.6738313003835036
300,1.0,0.6809999999999999,1.0668752493245484
350,0.8333333333333334,0.5823333333333333,0.9245698014166117
400,0.7,0.4482222222222222,0.7874099290947643
