episode,success_mean,goal_rate_mean,avg_return_mean
1,0.0,0.0,0.2741003573337643
50,0.03333333333333333,0.031000000000000003,0.3147916051963086
100,0.1,0.09388888888888888,0.3476595413683096
150,0.0,0.0,0.29084223605840065
200,0.13333333333333333,0.010222222222222221,0.28640456425465755
250,0.03333333333333333,0.031000000000000003,0.3081436477360565
300,0.03333333333333333,0.031000000000000003,0.31254875868106213
350,0.13333333333333333,0.09655555555555555,0.2984640238316573
400,0.03333333333333333,0.031000000000000003,0.3160586154737392
